"BMI","GEO","UNIT","TIME","QUANTILE","SEX","AGE","Value","Flag and Footnotes"
"Underweight","European Union - 27 countries (from 2020)","Percentage","2019","Total","Females","Total","4.2",""
"Normal","European Union - 27 countries (from 2020)","Percentage","2019","Total","Females","Total","51.2",""
"Obese","European Union - 27 countries (from 2020)","Percentage","2019","Total","Females","Total","15.8",""
"Underweight","European Union - 28 countries (2013-2020)","Percentage","2019","Total","Females","Total",":",""
"Normal","European Union - 28 countries (2013-2020)","Percentage","2019","Total","Females","Total",":",""
"Obese","European Union - 28 countries (2013-2020)","Percentage","2019","Total","Females","Total",":",""
"Underweight","Belgium","Percentage","2019","Total","Females","Total","4.5",""
"Normal","Belgium","Percentage","2019","Total","Females","Total","52.0",""
"Obese","Belgium","Percentage","2019","Total","Females","Total","15.2",""
"Underweight","Bulgaria","Percentage","2019","Total","Females","Total","3.8",""
"Normal","Bulgaria","Percentage","2019","Total","Females","Total","51.2",""
"Obese","Bulgaria","Percentage","2019","Total","Females","Total","11.5",""
"Underweight","Czechia","Percentage","2019","Total","Females","Total","2.6",""
"Normal","Czechia","Percentage","2019","Total","Females","Total","48.1",""
"Obese","Czechia","Percentage","2019","Total","Females","Total","17.5",""
"Underweight","Denmark","Percentage","2019","Total","Females","Total","3.3",""
"Normal","Denmark","Percentage","2019","Total","Females","Total","54.3",""
"Obese","Denmark","Percentage","2019","Total","Females","Total","16.2",""
"Underweight","Germany (until 1990 former territory of the FRG)","Percentage","2019","Total","Females","Total","3.7",""
"Normal","Germany (until 1990 former territory of the FRG)","Percentage","2019","Total","Females","Total","50.9",""
"Obese","Germany (until 1990 former territory of the FRG)","Percentage","2019","Total","Females","Total","18.5",""
"Underweight","Estonia","Percentage","2019","Total","Females","Total","3.2",""
"Normal","Estonia","Percentage","2019","Total","Females","Total","45.8",""
"Obese","Estonia","Percentage","2019","Total","Females","Total","22.9",""
"Underweight","Ireland","Percentage","2019","Total","Females","Total","27.8",""
"Normal","Ireland","Percentage","2019","Total","Females","Total","25.5",""
"Obese","Ireland","Percentage","2019","Total","Females","Total","26.0",""
"Underweight","Greece","Percentage","2019","Total","Females","Total","2.3",""
"Normal","Greece","Percentage","2019","Total","Females","Total","49.9",""
"Obese","Greece","Percentage","2019","Total","Females","Total","16.0",""
"Underweight","Spain","Percentage","2019","Total","Females","Total","3.6",""
"Normal","Spain","Percentage","2019","Total","Females","Total","51.6",""
"Obese","Spain","Percentage","2019","Total","Females","Total","14.8",""
"Underweight","France","Percentage","2019","Total","Females","Total","5.7",""
"Normal","France","Percentage","2019","Total","Females","Total","53.5",""
"Obese","France","Percentage","2019","Total","Females","Total","15.2",""
"Underweight","Croatia","Percentage","2019","Total","Females","Total","2.7",""
"Normal","Croatia","Percentage","2019","Total","Females","Total","39.7",""
"Obese","Croatia","Percentage","2019","Total","Females","Total","22.2",""
"Underweight","Italy","Percentage","2019","Total","Females","Total","6.2",""
"Normal","Italy","Percentage","2019","Total","Females","Total","57.6",""
"Obese","Italy","Percentage","2019","Total","Females","Total","10.4",""
"Underweight","Cyprus","Percentage","2019","Total","Females","Total","6.3",""
"Normal","Cyprus","Percentage","2019","Total","Females","Total","53.8",""
"Obese","Cyprus","Percentage","2019","Total","Females","Total","13.5",""
"Underweight","Latvia","Percentage","2019","Total","Females","Total","3.5",""
"Normal","Latvia","Percentage","2019","Total","Females","Total","41.0",""
"Obese","Latvia","Percentage","2019","Total","Females","Total","25.1",""
"Underweight","Lithuania","Percentage","2019","Total","Females","Total","2.6",""
"Normal","Lithuania","Percentage","2019","Total","Females","Total","45.0",""
"Obese","Lithuania","Percentage","2019","Total","Females","Total","19.9",""
"Underweight","Luxembourg","Percentage","2019","Total","Females","Total","5.2",""
"Normal","Luxembourg","Percentage","2019","Total","Females","Total","57.1",""
"Obese","Luxembourg","Percentage","2019","Total","Females","Total","14.2",""
"Underweight","Hungary","Percentage","2019","Total","Females","Total","3.9",""
"Normal","Hungary","Percentage","2019","Total","Females","Total","44.0",""
"Obese","Hungary","Percentage","2019","Total","Females","Total","22.7",""
"Underweight","Malta","Percentage","2019","Total","Females","Total","2.6",""
"Normal","Malta","Percentage","2019","Total","Females","Total","40.4",""
"Obese","Malta","Percentage","2019","Total","Females","Total","25.9",""
"Underweight","Netherlands","Percentage","2019","Total","Females","Total","3.2",""
"Normal","Netherlands","Percentage","2019","Total","Females","Total","53.0",""
"Obese","Netherlands","Percentage","2019","Total","Females","Total","15.6",""
"Underweight","Austria","Percentage","2019","Total","Females","Total","3.6",""
"Normal","Austria","Percentage","2019","Total","Females","Total","53.2",""
"Obese","Austria","Percentage","2019","Total","Females","Total","15.3",""
"Underweight","Poland","Percentage","2019","Total","Females","Total","4.0",""
"Normal","Poland","Percentage","2019","Total","Females","Total","46.9",""
"Obese","Poland","Percentage","2019","Total","Females","Total","17.6",""
"Underweight","Portugal","Percentage","2019","Total","Females","Total","2.4",""
"Normal","Portugal","Percentage","2019","Total","Females","Total","47.3",""
"Obese","Portugal","Percentage","2019","Total","Females","Total","17.7",""
"Underweight","Romania","Percentage","2019","Total","Females","Total","1.6",""
"Normal","Romania","Percentage","2019","Total","Females","Total","49.5",""
"Obese","Romania","Percentage","2019","Total","Females","Total","10.3",""
"Underweight","Slovenia","Percentage","2019","Total","Females","Total","2.5",""
"Normal","Slovenia","Percentage","2019","Total","Females","Total","48.7",""
"Obese","Slovenia","Percentage","2019","Total","Females","Total","18.0",""
"Underweight","Slovakia","Percentage","2019","Total","Females","Total","4.0",""
"Normal","Slovakia","Percentage","2019","Total","Females","Total","46.2",""
"Obese","Slovakia","Percentage","2019","Total","Females","Total","18.4",""
"Underweight","Finland","Percentage","2019","Total","Females","Total","2.1",""
"Normal","Finland","Percentage","2019","Total","Females","Total","43.4",""
"Obese","Finland","Percentage","2019","Total","Females","Total","20.8",""
"Underweight","Sweden","Percentage","2019","Total","Females","Total","2.9",""
"Normal","Sweden","Percentage","2019","Total","Females","Total","52.8",""
"Obese","Sweden","Percentage","2019","Total","Females","Total","14.8",""
"Underweight","Iceland","Percentage","2019","Total","Females","Total",":",""
"Normal","Iceland","Percentage","2019","Total","Females","Total",":",""
"Obese","Iceland","Percentage","2019","Total","Females","Total",":",""
"Underweight","Norway","Percentage","2019","Total","Females","Total","2.8",""
"Normal","Norway","Percentage","2019","Total","Females","Total","54.9",""
"Obese","Norway","Percentage","2019","Total","Females","Total","12.4",""
"Underweight","United Kingdom","Percentage","2019","Total","Females","Total",":",""
"Normal","United Kingdom","Percentage","2019","Total","Females","Total",":",""
"Obese","United Kingdom","Percentage","2019","Total","Females","Total",":",""
"Underweight","Serbia","Percentage","2019","Total","Females","Total","3.5",""
"Normal","Serbia","Percentage","2019","Total","Females","Total","52.4",""
"Obese","Serbia","Percentage","2019","Total","Females","Total","14.8",""
"Underweight","Turkey","Percentage","2019","Total","Females","Total","4.8",""
"Normal","Turkey","Percentage","2019","Total","Females","Total","40.0",""
"Obese","Turkey","Percentage","2019","Total","Females","Total","24.8",""
