"BMI","GEO","UNIT","TIME","QUANTILE","SEX","AGE","Value","Flag and Footnotes"
"Underweight","European Union - 27 countries (from 2020)","Percentage","2019","First quintile","Females","Total","4.5",""
"Normal","European Union - 27 countries (from 2020)","Percentage","2019","First quintile","Females","Total","47.5",""
"Obese","European Union - 27 countries (from 2020)","Percentage","2019","First quintile","Females","Total","19.2",""
"Underweight","European Union - 28 countries (2013-2020)","Percentage","2019","First quintile","Females","Total",":",""
"Normal","European Union - 28 countries (2013-2020)","Percentage","2019","First quintile","Females","Total",":",""
"Obese","European Union - 28 countries (2013-2020)","Percentage","2019","First quintile","Females","Total",":",""
"Underweight","Belgium","Percentage","2019","First quintile","Females","Total","4.2",""
"Normal","Belgium","Percentage","2019","First quintile","Females","Total","42.6",""
"Obese","Belgium","Percentage","2019","First quintile","Females","Total","19.7",""
"Underweight","Bulgaria","Percentage","2019","First quintile","Females","Total","2.0",""
"Normal","Bulgaria","Percentage","2019","First quintile","Females","Total","44.8",""
"Obese","Bulgaria","Percentage","2019","First quintile","Females","Total","15.2",""
"Underweight","Czechia","Percentage","2019","First quintile","Females","Total","2.2",""
"Normal","Czechia","Percentage","2019","First quintile","Females","Total","42.9",""
"Obese","Czechia","Percentage","2019","First quintile","Females","Total","21.8",""
"Underweight","Denmark","Percentage","2019","First quintile","Females","Total","2.7",""
"Normal","Denmark","Percentage","2019","First quintile","Females","Total","50.9",""
"Obese","Denmark","Percentage","2019","First quintile","Females","Total","18.0",""
"Underweight","Germany (until 1990 former territory of the FRG)","Percentage","2019","First quintile","Females","Total","5.6",""
"Normal","Germany (until 1990 former territory of the FRG)","Percentage","2019","First quintile","Females","Total","46.3",""
"Obese","Germany (until 1990 former territory of the FRG)","Percentage","2019","First quintile","Females","Total","23.4",""
"Underweight","Estonia","Percentage","2019","First quintile","Females","Total","2.9",""
"Normal","Estonia","Percentage","2019","First quintile","Females","Total","39.4",""
"Obese","Estonia","Percentage","2019","First quintile","Females","Total","26.2",""
"Underweight","Ireland","Percentage","2019","First quintile","Females","Total","35.9",""
"Normal","Ireland","Percentage","2019","First quintile","Females","Total","18.2",""
"Obese","Ireland","Percentage","2019","First quintile","Females","Total","28.8",""
"Underweight","Greece","Percentage","2019","First quintile","Females","Total","3.0",""
"Normal","Greece","Percentage","2019","First quintile","Females","Total","51.0",""
"Obese","Greece","Percentage","2019","First quintile","Females","Total","20.2",""
"Underweight","Spain","Percentage","2019","First quintile","Females","Total","4.0",""
"Normal","Spain","Percentage","2019","First quintile","Females","Total","51.8",""
"Obese","Spain","Percentage","2019","First quintile","Females","Total","15.1",""
"Underweight","France","Percentage","2019","First quintile","Females","Total","5.7",""
"Normal","France","Percentage","2019","First quintile","Females","Total","48.3",""
"Obese","France","Percentage","2019","First quintile","Females","Total","18.8",""
"Underweight","Croatia","Percentage","2019","First quintile","Females","Total","4.0",""
"Normal","Croatia","Percentage","2019","First quintile","Females","Total","28.2",""
"Obese","Croatia","Percentage","2019","First quintile","Females","Total","27.6",""
"Underweight","Italy","Percentage","2019","First quintile","Females","Total","5.7",""
"Normal","Italy","Percentage","2019","First quintile","Females","Total","55.8",""
"Obese","Italy","Percentage","2019","First quintile","Females","Total","12.7",""
"Underweight","Cyprus","Percentage","2019","First quintile","Females","Total","7.3",""
"Normal","Cyprus","Percentage","2019","First quintile","Females","Total","44.2",""
"Obese","Cyprus","Percentage","2019","First quintile","Females","Total","17.2",""
"Underweight","Latvia","Percentage","2019","First quintile","Females","Total","2.8",""
"Normal","Latvia","Percentage","2019","First quintile","Females","Total","27.8",""
"Obese","Latvia","Percentage","2019","First quintile","Females","Total","33.4",""
"Underweight","Lithuania","Percentage","2019","First quintile","Females","Total","1.4",""
"Normal","Lithuania","Percentage","2019","First quintile","Females","Total","35.8",""
"Obese","Lithuania","Percentage","2019","First quintile","Females","Total","27.2",""
"Underweight","Luxembourg","Percentage","2019","First quintile","Females","Total","4.7",""
"Normal","Luxembourg","Percentage","2019","First quintile","Females","Total","50.6",""
"Obese","Luxembourg","Percentage","2019","First quintile","Females","Total","17.7",""
"Underweight","Hungary","Percentage","2019","First quintile","Females","Total","5.1",""
"Normal","Hungary","Percentage","2019","First quintile","Females","Total","38.9",""
"Obese","Hungary","Percentage","2019","First quintile","Females","Total","27.2",""
"Underweight","Malta","Percentage","2019","First quintile","Females","Total","2.0",""
"Normal","Malta","Percentage","2019","First quintile","Females","Total","31.3",""
"Obese","Malta","Percentage","2019","First quintile","Females","Total","31.0",""
"Underweight","Netherlands","Percentage","2019","First quintile","Females","Total","2.6",""
"Normal","Netherlands","Percentage","2019","First quintile","Females","Total","48.5",""
"Obese","Netherlands","Percentage","2019","First quintile","Females","Total","22.3",""
"Underweight","Austria","Percentage","2019","First quintile","Females","Total","3.5",""
"Normal","Austria","Percentage","2019","First quintile","Females","Total","47.0",""
"Obese","Austria","Percentage","2019","First quintile","Females","Total","19.2",""
"Underweight","Poland","Percentage","2019","First quintile","Females","Total","3.2",""
"Normal","Poland","Percentage","2019","First quintile","Females","Total","39.4",""
"Obese","Poland","Percentage","2019","First quintile","Females","Total","24.6",""
"Underweight","Portugal","Percentage","2019","First quintile","Females","Total","2.4",""
"Normal","Portugal","Percentage","2019","First quintile","Females","Total","46.7",""
"Obese","Portugal","Percentage","2019","First quintile","Females","Total","18.6",""
"Underweight","Romania","Percentage","2019","First quintile","Females","Total","1.4",""
"Normal","Romania","Percentage","2019","First quintile","Females","Total","44.6",""
"Obese","Romania","Percentage","2019","First quintile","Females","Total","11.3",""
"Underweight","Slovenia","Percentage","2019","First quintile","Females","Total","2.7",""
"Normal","Slovenia","Percentage","2019","First quintile","Females","Total","37.2",""
"Obese","Slovenia","Percentage","2019","First quintile","Females","Total","24.6",""
"Underweight","Slovakia","Percentage","2019","First quintile","Females","Total","5.8",""
"Normal","Slovakia","Percentage","2019","First quintile","Females","Total","49.7",""
"Obese","Slovakia","Percentage","2019","First quintile","Females","Total","16.0",""
"Underweight","Finland","Percentage","2019","First quintile","Females","Total","4.4",""
"Normal","Finland","Percentage","2019","First quintile","Females","Total","50.4",""
"Obese","Finland","Percentage","2019","First quintile","Females","Total","18.3",""
"Underweight","Sweden","Percentage","2019","First quintile","Females","Total","3.9",""
"Normal","Sweden","Percentage","2019","First quintile","Females","Total","47.4",""
"Obese","Sweden","Percentage","2019","First quintile","Females","Total","18.2",""
"Underweight","Iceland","Percentage","2019","First quintile","Females","Total",":",""
"Normal","Iceland","Percentage","2019","First quintile","Females","Total",":",""
"Obese","Iceland","Percentage","2019","First quintile","Females","Total",":",""
"Underweight","Norway","Percentage","2019","First quintile","Females","Total","4.9",""
"Normal","Norway","Percentage","2019","First quintile","Females","Total","54.4",""
"Obese","Norway","Percentage","2019","First quintile","Females","Total","16.0",""
"Underweight","United Kingdom","Percentage","2019","First quintile","Females","Total",":",""
"Normal","United Kingdom","Percentage","2019","First quintile","Females","Total",":",""
"Obese","United Kingdom","Percentage","2019","First quintile","Females","Total",":",""
"Underweight","Serbia","Percentage","2019","First quintile","Females","Total","4.3",""
"Normal","Serbia","Percentage","2019","First quintile","Females","Total","45.3",""
"Obese","Serbia","Percentage","2019","First quintile","Females","Total","20.2",""
"Underweight","Turkey","Percentage","2019","First quintile","Females","Total","4.4",""
"Normal","Turkey","Percentage","2019","First quintile","Females","Total","39.1",""
"Obese","Turkey","Percentage","2019","First quintile","Females","Total","25.7",""
